event_id,station_id,device_id,observed_at,sequence_number,temperature_c,pressure_hpa,humidity_pct,firmware_version,battery_voltage,signal_strength,edge_status,edge_anomaly_flag,edge_anomaly_type,edge_score,edge_score_type,edge_model_version,edge_inference_method,central_is_anomaly,central_fault_type,central_severity,central_anomaly_score_pct,central_model_confidence_pct,central_rule_confidence_pct,central_model_status,central_decision_basis,central_health_status,central_suggested_temperature_c,central_suggested_pressure_hpa,central_suggested_humidity_pct,source,comparison_status,anomaly_decision_agreement,type_agreement,edge_score_val,central_score_val,details,created_at
dcb3b893-3ba7-4448-b001-9cfc3db318ff,AWS-RAN-067,sim-node-AWS-RAN-067,2025-03-31T23:00:00+00:00,1,22.9,938.1,18.0,sim_edge_v1.0.0,,,ok,False,,,,edge_rules_v1.0.0,rules,False,,low,0.0,,0.0,UNAVAILABLE_WARMUP,,HEALTHY,,,,live,BOTH_AGREE_NORMAL,True,,,0.0,Both edge device and central AI agreed that the observation is normal.,2026-09-23T17:34:40.612529+00:00
fe4c6b4e-5077-446b-a34d-4bddd23c4f2d,AWS-RAN-067,sim-node-AWS-RAN-067,2025-03-31T23:00:00+00:00,2,22.9,938.1,18.0,sim_edge_v1.0.0,,,ok,False,,,,edge_rules_v1.0.0,rules,False,,low,0.0,,0.0,UNAVAILABLE_WARMUP,,HEALTHY,,,,live,BOTH_AGREE_NORMAL,True,,,0.0,Both edge device and central AI agreed that the observation is normal.,2026-09-23T17:34:40.747092+00:00
ebb9c074-da85-4c2d-af50-4454d3e0e474,AWS-RAN-067,sim-node-AWS-RAN-067,2025-03-31T23:00:00+00:00,1,22.9,938.1,18.0,sim_edge_v1.0.0,,,ok,False,,,,edge_rules_v1.0.0,rules,False,,low,0.0,,0.0,UNAVAILABLE_WARMUP,,HEALTHY,,,,live,BOTH_AGREE_NORMAL,True,,,0.0,Both edge device and central AI agreed that the observation is normal.,2026-09-23T17:35:11.607581+00:00
b9226ecb-dbed-45ae-8ff8-80d06cec076f,AWS-RAN-067,sim-node-AWS-RAN-067,2025-03-31T23:00:00+00:00,2,22.9,938.1,18.0,sim_edge_v1.0.0,,,ok,False,,,,edge_rules_v1.0.0,rules,False,,low,0.0,,0.0,UNAVAILABLE_WARMUP,,HEALTHY,,,,live,BOTH_AGREE_NORMAL,True,,,0.0,Both edge device and central AI agreed that the observation is normal.,2026-09-23T17:35:11.720777+00:00
10801b5b-c236-45e4-9f87-46467001f276,AWS-RAN-067,sim-node-AWS-RAN-067,2025-03-31T23:00:00+00:00,1,22.9,938.1,18.0,sim_edge_v1.0.0,,,ok,False,,,,edge_rules_v1.0.0,rules,False,,low,0.0,,0.0,UNAVAILABLE_WARMUP,,HEALTHY,,,,live,BOTH_AGREE_NORMAL,True,,,0.0,Both edge device and central AI agreed that the observation is normal.,2026-09-23T17:35:29.102836+00:00
71acf52c-a2b1-4e9b-a290-2dde6413b1b9,AWS-RAN-067,sim-node-AWS-RAN-067,2025-03-31T23:00:00+00:00,1,22.9,938.1,18.0,sim_edge_v1.0.0,,,ok,False,,,,edge_rules_v1.0.0,rules,False,,low,0.0,,0.0,UNAVAILABLE_WARMUP,,HEALTHY,,,,live,BOTH_AGREE_NORMAL,True,,,0.0,Both edge device and central AI agreed that the observation is normal.,2026-09-23T17:35:35.390743+00:00
6655ab05-92ab-4839-8df8-086edd0c8829,AWS-RAN-067,sim-node-AWS-RAN-067,2025-03-31T23:00:00+00:00,1,22.9,938.1,18.0,sim_edge_v1.0.0,,,ok,False,,,,edge_rules_v1.0.0,rules,False,,low,0.0,,0.0,UNAVAILABLE_WARMUP,,HEALTHY,,,,live,BOTH_AGREE_NORMAL,True,,,0.0,Both edge device and central AI agreed that the observation is normal.,2026-09-23T17:35:43.171475+00:00
68fd6fc3-920e-4489-9555-d08eb64c68ff,AWS-RAN-067,sim-node-AWS-RAN-067,2025-03-31T23:00:00+00:00,1,22.9,938.1,18.0,sim_edge_v1.0.0,,,ok,False,,,,edge_rules_v1.0.0,rules,False,,low,0.0,,0.0,UNAVAILABLE_WARMUP,,HEALTHY,,,,live,BOTH_AGREE_NORMAL,True,,,0.0,Both edge device and central AI agreed that the observation is normal.,2026-09-23T17:35:59.876966+00:00
843aaec2-12f2-41a9-9ce5-49c0bd54b859,AWS-RAN-067,sim-node-AWS-RAN-067,2025-03-31T23:00:00+00:00,2,22.9,938.1,18.0,sim_edge_v1.0.0,,,ok,False,,,,edge_rules_v1.0.0,rules,False,,low,0.0,,0.0,UNAVAILABLE_WARMUP,,HEALTHY,,,,live,BOTH_AGREE_NORMAL,True,,,0.0,Both edge device and central AI agreed that the observation is normal.,2026-09-23T17:36:00.003980+00:00
b7c346a7-3bdb-4798-af56-4b6c56d878e6,AWS-RAN-067,sim-node-AWS-RAN-067,2025-03-31T23:00:00+00:00,1,22.9,938.1,18.0,sim_edge_v1.0.0,,,ok,False,,,,edge_rules_v1.0.0,rules,False,,low,0.0,,0.0,UNAVAILABLE_WARMUP,,HEALTHY,,,,live,BOTH_AGREE_NORMAL,True,,,0.0,Both edge device and central AI agreed that the observation is normal.,2026-09-23T17:36:53.952819+00:00
84363ffa-26bf-478f-9316-5d0fdca2e997,AWS-RAN-067,sim-node-AWS-RAN-067,2025-03-31T23:00:00+00:00,1,22.9,938.1,18.0,sim_edge_v1.0.0,,,ok,False,,,,edge_rules_v1.0.0,rules,False,,low,0.0,,0.0,UNAVAILABLE_WARMUP,,HEALTHY,,,,live,BOTH_AGREE_NORMAL,True,,,0.0,Both edge device and central AI agreed that the observation is normal.,2026-09-23T17:37:16.212298+00:00
dc51117a-2e66-4783-a623-4e5072cf3717,AWS-RAN-067,sim-node-AWS-RAN-067,2025-03-31T23:00:00+00:00,1,22.9,938.1,18.0,sim_edge_v1.0.0,,,ok,False,,,,edge_rules_v1.0.0,rules,False,,low,0.0,,0.0,UNAVAILABLE_WARMUP,,HEALTHY,,,,live,BOTH_AGREE_NORMAL,True,,,0.0,Both edge device and central AI agreed that the observation is normal.,2026-09-23T17:43:26.290839+00:00
76b80df8-6765-46e6-9a94-1dabe117b2c5,AWS-RAN-067,sim-node-AWS-RAN-067,2025-03-31T23:00:00+00:00,1,22.9,938.1,18.0,sim_edge_v1.0.0,,,ok,False,,,,edge_rules_v1.0.0,rules,False,,low,0.0,,0.0,UNAVAILABLE_WARMUP,,HEALTHY,,,,live,BOTH_AGREE_NORMAL,True,,,0.0,Both edge device and central AI agreed that the observation is normal.,2026-09-23T17:46:08.805588+00:00
1f64e203-e905-4ad4-8059-0ade227f8f49,AWS-RAN-067,sim-node-AWS-RAN-067,2025-03-31T23:00:00+00:00,1,22.9,938.1,18.0,sim_edge_v1.0.0,,,ok,False,,,,edge_rules_v1.0.0,rules,False,,low,0.0,,0.0,UNAVAILABLE_WARMUP,,HEALTHY,,,,live,BOTH_AGREE_NORMAL,True,,,0.0,Both edge device and central AI agreed that the observation is normal.,2026-09-23T17:46:14.099160+00:00
bda6de45-07da-4be9-a025-567825a8376d,AWS-RAN-067,sim-node-AWS-RAN-067,2025-03-31T23:00:00+00:00,1,22.9,938.1,18.0,sim_edge_v1.0.0,,,ok,False,,,,edge_rules_v1.0.0,rules,False,,low,0.0,,0.0,UNAVAILABLE_WARMUP,,HEALTHY,,,,live,BOTH_AGREE_NORMAL,True,,,0.0,Both edge device and central AI agreed that the observation is normal.,2026-09-23T17:46:19.656022+00:00
ca5d875c-02b2-411c-8b88-c8227a8a42cc,AWS-RAN-067,sim-node-AWS-RAN-067,2025-03-31T23:00:00+00:00,1,22.9,938.1,18.0,sim_edge_v1.0.0,,,ok,False,,,,edge_rules_v1.0.0,rules,False,,low,0.0,,0.0,UNAVAILABLE_WARMUP,,HEALTHY,,,,live,BOTH_AGREE_NORMAL,True,,,0.0,Both edge device and central AI agreed that the observation is normal.,2026-09-23T17:46:26.483336+00:00
594fa442-ab27-4359-b22a-f2986861a0d7,AWS-RAN-067,sim-node-AWS-RAN-067,2025-03-31T23:00:00+00:00,1,22.9,938.1,18.0,sim_edge_v1.0.0,,,ok,False,,,,edge_rules_v1.0.0,rules,False,,low,0.0,,0.0,UNAVAILABLE_WARMUP,,HEALTHY,,,,live,BOTH_AGREE_NORMAL,True,,,0.0,Both edge device and central AI agreed that the observation is normal.,2026-09-23T17:46:41.708485+00:00
452c4196-0d7d-4e7a-b356-351e27683367,AWS-RAN-067,sim-node-AWS-RAN-067,2025-03-31T23:00:00+00:00,2,22.9,938.1,18.0,sim_edge_v1.0.0,,,ok,False,,,,edge_rules_v1.0.0,rules,False,,low,0.0,,0.0,UNAVAILABLE_WARMUP,,HEALTHY,,,,live,BOTH_AGREE_NORMAL,True,,,0.0,Both edge device and central AI agreed that the observation is normal.,2026-09-23T17:46:41.913793+00:00
f79d7aee-eae5-4551-8a7b-1b7d124486aa,AWS-RAN-067,sim-node-AWS-RAN-067,2025-03-31T23:00:00+00:00,1,22.9,938.1,18.0,sim_edge_v1.0.0,,,ok,False,,,,edge_rules_v1.0.0,rules,False,,low,0.0,,0.0,UNAVAILABLE_WARMUP,,HEALTHY,,,,live,BOTH_AGREE_NORMAL,True,,,0.0,Both edge device and central AI agreed that the observation is normal.,2026-09-23T18:00:24.325936+00:00
04581896-8176-47cf-a4ab-476c6b2175b2,AWS-RAN-067,sim-node-AWS-RAN-067,2025-03-31T23:00:00+00:00,1,22.9,938.1,18.0,sim_edge_v1.0.0,,,ok,False,,,,edge_rules_v1.0.0,rules,False,,low,0.0,,0.0,UNAVAILABLE_WARMUP,,HEALTHY,,,,live,BOTH_AGREE_NORMAL,True,,,0.0,Both edge device and central AI agreed that the observation is normal.,2026-09-23T18:02:21.245987+00:00
9cc6909c-1305-4736-b869-f1d58bfdb4e8,AWS-RAN-067,sim-node-AWS-RAN-067,2025-03-31T23:00:00+00:00,1,22.9,938.1,18.0,sim_edge_v1.0.0,,,ok,False,,,,edge_rules_v1.0.0,rules,False,,low,0.0,,0.0,UNAVAILABLE_WARMUP,,HEALTHY,,,,live,BOTH_AGREE_NORMAL,True,,,0.0,Both edge device and central AI agreed that the observation is normal.,2026-09-23T18:03:26.503301+00:00
91323bc3-ba64-4dd7-9c62-a5ced69d2c54,AWS-RAN-067,sim-node-AWS-RAN-067,2025-03-31T23:00:00+00:00,1,22.9,938.1,18.0,sim_edge_v1.0.0,,,ok,False,,,,edge_rules_v1.0.0,rules,False,,low,0.0,,0.0,UNAVAILABLE_WARMUP,,HEALTHY,,,,live,BOTH_AGREE_NORMAL,True,,,0.0,Both edge device and central AI agreed that the observation is normal.,2026-09-23T18:03:54.366999+00:00
76cfa709-d95f-4cfe-90c9-ddcda1e8374e,AWS-RAN-067,sim-node-AWS-RAN-067,2025-03-31T23:00:00+00:00,1,22.9,938.1,18.0,sim_edge_v1.0.0,,,ok,False,,,,edge_rules_v1.0.0,rules,False,,low,0.0,,0.0,UNAVAILABLE_WARMUP,,HEALTHY,,,,live,BOTH_AGREE_NORMAL,True,,,0.0,Both edge device and central AI agreed that the observation is normal.,2026-09-23T18:04:01.317981+00:00
08b02614-c3b0-4ed7-be8f-3277705c99ab,AWS-RAN-067,sim-node-AWS-RAN-067,2025-03-31T23:00:00+00:00,1,22.9,938.1,18.0,sim_edge_v1.0.0,,,ok,False,,,,edge_rules_v1.0.0,rules,False,,low,0.0,,0.0,UNAVAILABLE_WARMUP,,HEALTHY,,,,live,BOTH_AGREE_NORMAL,True,,,0.0,Both edge device and central AI agreed that the observation is normal.,2026-09-23T18:04:08.201908+00:00
1020937c-c492-4d37-9891-ad1946b8a9ae,AWS-RAN-067,sim-node-AWS-RAN-067,2025-03-31T23:00:00+00:00,1,22.9,938.1,18.0,sim_edge_v1.0.0,,,ok,False,,,,edge_rules_v1.0.0,rules,False,,low,0.0,,0.0,UNAVAILABLE_WARMUP,,HEALTHY,,,,live,BOTH_AGREE_NORMAL,True,,,0.0,Both edge device and central AI agreed that the observation is normal.,2026-09-23T18:04:15.711973+00:00
46af6bca-2524-4e89-ab22-d302bc53bb5f,AWS-RAN-067,sim-node-AWS-RAN-067,2025-03-31T23:00:00+00:00,1,22.9,938.1,18.0,sim_edge_v1.0.0,,,ok,False,,,,edge_rules_v1.0.0,rules,False,,low,0.0,,0.0,UNAVAILABLE_WARMUP,,HEALTHY,,,,live,BOTH_AGREE_NORMAL,True,,,0.0,Both edge device and central AI agreed that the observation is normal.,2026-09-23T18:04:27.536199+00:00
96f7ccb9-f7f3-4ed0-b574-80a0ff072383,AWS-RAN-067,sim-node-AWS-RAN-067,2025-03-31T23:00:00+00:00,1,22.9,938.1,18.0,sim_edge_v1.0.0,,,ok,False,,,,edge_rules_v1.0.0,rules,False,,low,0.0,,0.0,UNAVAILABLE_WARMUP,,HEALTHY,,,,live,BOTH_AGREE_NORMAL,True,,,0.0,Both edge device and central AI agreed that the observation is normal.,2026-09-23T18:04:44.259829+00:00
d6531b64-838b-4a9e-a670-12a0f88f3a4a,AWS-RAN-067,sim-node-AWS-RAN-067,2025-03-31T23:00:00+00:00,2,22.9,938.1,18.0,sim_edge_v1.0.0,,,ok,False,,,,edge_rules_v1.0.0,rules,False,,low,0.0,,0.0,UNAVAILABLE_WARMUP,,HEALTHY,,,,live,BOTH_AGREE_NORMAL,True,,,0.0,Both edge device and central AI agreed that the observation is normal.,2026-09-23T18:04:44.439933+00:00
2d2eb068-88d8-4297-bf22-131a2df4816b,AWS-RAN-067,sim-node-AWS-RAN-067,2025-03-31T23:00:00+00:00,1,22.9,938.1,18.0,sim_edge_v1.0.0,,,ok,False,,,,edge_rules_v1.0.0,rules,False,,low,0.0,,0.0,UNAVAILABLE_WARMUP,,HEALTHY,,,,live,BOTH_AGREE_NORMAL,True,,,0.0,Both edge device and central AI agreed that the observation is normal.,2026-09-23T18:38:14.655782+00:00
466ad209-26a0-4595-b18f-95bd3633c3d1,AWS-RAN-067,sim-node-AWS-RAN-067,2025-03-31T23:00:00+00:00,1,22.9,938.1,18.0,sim_edge_v1.0.0,,,ok,False,,,,edge_rules_v1.0.0,rules,False,,low,0.0,,0.0,UNAVAILABLE_WARMUP,,HEALTHY,,,,live,BOTH_AGREE_NORMAL,True,,,0.0,Both edge device and central AI agreed that the observation is normal.,2026-09-23T18:38:23.965444+00:00
530f249f-4f46-4961-957a-55b1200bf5f7,AWS-RAN-067,sim-node-AWS-RAN-067,2025-03-31T23:00:00+00:00,1,22.9,938.1,18.0,sim_edge_v1.0.0,,,ok,False,,,,edge_rules_v1.0.0,rules,False,,low,0.0,,0.0,UNAVAILABLE_WARMUP,,HEALTHY,,,,live,BOTH_AGREE_NORMAL,True,,,0.0,Both edge device and central AI agreed that the observation is normal.,2026-09-23T18:38:31.904516+00:00
d55e0a47-ccb8-48b6-b1f1-18023dbc0aa5,AWS-RAN-067,sim-node-AWS-RAN-067,2025-03-31T23:00:00+00:00,1,22.9,938.1,18.0,sim_edge_v1.0.0,,,ok,False,,,,edge_rules_v1.0.0,rules,False,,low,0.0,,0.0,UNAVAILABLE_WARMUP,,HEALTHY,,,,live,BOTH_AGREE_NORMAL,True,,,0.0,Both edge device and central AI agreed that the observation is normal.,2026-09-23T18:38:40.002669+00:00
50998871-43f7-4cf9-8755-bbe453bae8f3,AWS-RAN-067,sim-node-AWS-RAN-067,2025-03-31T23:00:00+00:00,1,22.9,938.1,18.0,sim_edge_v1.0.0,,,ok,False,,,,edge_rules_v1.0.0,rules,False,,low,0.0,,0.0,UNAVAILABLE_WARMUP,,HEALTHY,,,,live,BOTH_AGREE_NORMAL,True,,,0.0,Both edge device and central AI agreed that the observation is normal.,2026-09-23T18:38:54.156135+00:00
ff091bf8-64b0-4405-b083-3e6088f8021f,AWS-RAN-067,sim-node-AWS-RAN-067,2025-03-31T23:00:00+00:00,1,22.9,938.1,18.0,sim_edge_v1.0.0,,,ok,False,,,,edge_rules_v1.0.0,rules,False,,low,0.0,,0.0,UNAVAILABLE_WARMUP,,HEALTHY,,,,live,BOTH_AGREE_NORMAL,True,,,0.0,Both edge device and central AI agreed that the observation is normal.,2026-09-23T18:39:15.177627+00:00
55182cfe-8b78-4cae-b4ac-2c45604cde0a,AWS-RAN-067,sim-node-AWS-RAN-067,2025-03-31T23:00:00+00:00,2,22.9,938.1,18.0,sim_edge_v1.0.0,,,ok,False,,,,edge_rules_v1.0.0,rules,False,,low,0.0,,0.0,UNAVAILABLE_WARMUP,,HEALTHY,,,,live,BOTH_AGREE_NORMAL,True,,,0.0,Both edge device and central AI agreed that the observation is normal.,2026-09-23T18:39:15.260382+00:00
4663d3a8-5e79-4c4e-a95b-839b0c988b1a,AWS-RAN-067,sim-node-AWS-RAN-067,2025-03-31T23:00:00+00:00,1,22.9,938.1,18.0,sim_edge_v1.0.0,,,ok,False,,,,edge_rules_v1.0.0,rules,False,,low,0.0,,0.0,UNAVAILABLE_WARMUP,,HEALTHY,,,,live,BOTH_AGREE_NORMAL,True,,,0.0,Both edge device and central AI agreed that the observation is normal.,2026-09-23T18:40:05.216465+00:00
dd5de24b-2260-499f-9e51-e1a303b2086a,AWS-RAN-067,sim-node-AWS-RAN-067,2025-03-31T23:00:00+00:00,1,22.9,938.1,18.0,sim_edge_v1.0.0,,,ok,False,,,,edge_rules_v1.0.0,rules,False,,low,0.0,,0.0,UNAVAILABLE_WARMUP,,HEALTHY,,,,live,BOTH_AGREE_NORMAL,True,,,0.0,Both edge device and central AI agreed that the observation is normal.,2026-09-23T18:40:41.519293+00:00
cb2188ab-6bb7-4d06-862b-cfe8775283fe,AWS-RAN-067,sim-node-AWS-RAN-067,2025-03-31T23:00:00+00:00,1,22.9,938.1,18.0,sim_edge_v1.0.0,,,ok,False,,,,edge_rules_v1.0.0,rules,False,,low,0.0,,0.0,UNAVAILABLE_WARMUP,,HEALTHY,,,,live,BOTH_AGREE_NORMAL,True,,,0.0,Both edge device and central AI agreed that the observation is normal.,2026-09-23T18:42:22.720679+00:00
31d34b7f-98f0-42b8-a1f7-2461a4fb80b4,AWS-RAN-067,sim-node-AWS-RAN-067,2025-03-31T23:00:00+00:00,1,22.9,938.1,18.0,sim_edge_v1.0.0,,,ok,False,,,,edge_rules_v1.0.0,rules,False,,low,0.0,,0.0,UNAVAILABLE_WARMUP,,HEALTHY,,,,live,BOTH_AGREE_NORMAL,True,,,0.0,Both edge device and central AI agreed that the observation is normal.,2026-09-23T18:43:49.799759+00:00
756de92b-a948-473d-bcdd-c922f446088b,AWS-RAN-067,sim-node-AWS-RAN-067,2025-03-31T23:00:00+00:00,1,22.9,938.1,18.0,sim_edge_v1.0.0,,,ok,False,,,,edge_rules_v1.0.0,rules,False,,low,0.0,,0.0,UNAVAILABLE_WARMUP,,HEALTHY,,,,live,BOTH_AGREE_NORMAL,True,,,0.0,Both edge device and central AI agreed that the observation is normal.,2026-09-23T18:46:22.097602+00:00
f635cebb-e454-45df-8b7b-9e17ac883de3,AWS-RAN-067,sim-node-AWS-RAN-067,2025-03-31T23:00:00+00:00,1,22.9,938.1,18.0,sim_edge_v1.0.0,,,ok,False,,,,edge_rules_v1.0.0,rules,False,,low,0.0,,0.0,UNAVAILABLE_WARMUP,,HEALTHY,,,,live,BOTH_AGREE_NORMAL,True,,,0.0,Both edge device and central AI agreed that the observation is normal.,2026-09-23T18:46:28.643614+00:00
1d7c8596-823b-485a-99f1-52bd8765839e,AWS-RAN-067,sim-node-AWS-RAN-067,2025-03-31T23:00:00+00:00,1,22.9,938.1,18.0,sim_edge_v1.0.0,,,ok,False,,,,edge_rules_v1.0.0,rules,False,,low,0.0,,0.0,UNAVAILABLE_WARMUP,,HEALTHY,,,,live,BOTH_AGREE_NORMAL,True,,,0.0,Both edge device and central AI agreed that the observation is normal.,2026-09-23T18:46:34.594693+00:00
6dd3965d-296d-472a-835b-5ddf4970a7e5,AWS-RAN-067,sim-node-AWS-RAN-067,2025-03-31T23:00:00+00:00,1,22.9,938.1,18.0,sim_edge_v1.0.0,,,ok,False,,,,edge_rules_v1.0.0,rules,False,,low,0.0,,0.0,UNAVAILABLE_WARMUP,,HEALTHY,,,,live,BOTH_AGREE_NORMAL,True,,,0.0,Both edge device and central AI agreed that the observation is normal.,2026-09-23T18:46:40.100657+00:00
61a303bf-973c-46b5-948e-9de0230475d1,AWS-RAN-067,sim-node-AWS-RAN-067,2025-03-31T23:00:00+00:00,1,22.9,938.1,18.0,sim_edge_v1.0.0,,,ok,False,,,,edge_rules_v1.0.0,rules,False,,low,0.0,,0.0,UNAVAILABLE_WARMUP,,HEALTHY,,,,live,BOTH_AGREE_NORMAL,True,,,0.0,Both edge device and central AI agreed that the observation is normal.,2026-09-23T18:46:51.372222+00:00
3809da43-5ed1-4f14-8130-6b7d79e2f4c7,AWS-RAN-067,sim-node-AWS-RAN-067,2025-03-31T23:00:00+00:00,1,22.9,938.1,18.0,sim_edge_v1.0.0,,,ok,False,,,,edge_rules_v1.0.0,rules,False,,low,0.0,,0.0,UNAVAILABLE_WARMUP,,HEALTHY,,,,live,BOTH_AGREE_NORMAL,True,,,0.0,Both edge device and central AI agreed that the observation is normal.,2026-09-23T18:47:03.816619+00:00
9a899c37-bf1b-4e0a-8ada-6872bf737043,AWS-RAN-067,sim-node-AWS-RAN-067,2025-03-31T23:00:00+00:00,1,22.9,938.1,18.0,sim_edge_v1.0.0,,,ok,False,,,,edge_rules_v1.0.0,rules,False,,low,0.0,,0.0,UNAVAILABLE_WARMUP,,HEALTHY,,,,live,BOTH_AGREE_NORMAL,True,,,0.0,Both edge device and central AI agreed that the observation is normal.,2026-09-23T18:47:16.684338+00:00
6f36f173-99fa-46b8-af8d-e1f134c36930,AWS-RAN-067,sim-node-AWS-RAN-067,2025-03-31T23:00:00+00:00,2,22.9,938.1,18.0,sim_edge_v1.0.0,,,ok,False,,,,edge_rules_v1.0.0,rules,False,,low,0.0,,0.0,UNAVAILABLE_WARMUP,,HEALTHY,22.9,938.1,18.0,live,BOTH_AGREE_NORMAL,True,,,0.0,Both edge device and central AI agreed that the observation is normal.,2026-09-23T18:47:17.072175+00:00
affb8a6b-6e81-4e56-8287-e42edcf8a75c,AWS-RAN-067,sim-node-AWS-RAN-067,2025-03-31T23:00:00+00:00,1,22.9,938.1,18.0,sim_edge_v1.0.0,,,ok,False,,,,edge_rules_v1.0.0,rules,False,,low,0.0,,0.0,UNAVAILABLE_WARMUP,,HEALTHY,,,,live,BOTH_AGREE_NORMAL,True,,,0.0,Both edge device and central AI agreed that the observation is normal.,2026-09-24T15:59:53.263641+00:00
0745ae9e-39d1-4079-8fad-518bf76f033d,AWS-RAN-067,sim-node-AWS-RAN-067,2025-03-31T23:00:00+00:00,1,22.9,938.1,18.0,sim_edge_v1.0.0,,,ok,False,,,,edge_rules_v1.0.0,rules,False,,low,0.0,,0.0,UNAVAILABLE_WARMUP,,HEALTHY,,,,live,BOTH_AGREE_NORMAL,True,,,0.0,Both edge device and central AI agreed that the observation is normal.,2026-09-24T16:00:10.521755+00:00
5435ccaa-5e07-4ee7-b164-6563fc3e3146,AWS-RAN-067,sim-node-AWS-RAN-067,2025-03-31T23:00:00+00:00,1,22.9,938.1,18.0,sim_edge_v1.0.0,,,ok,False,,,,edge_rules_v1.0.0,rules,False,,low,0.0,,0.0,UNAVAILABLE_WARMUP,,HEALTHY,,,,live,BOTH_AGREE_NORMAL,True,,,0.0,Both edge device and central AI agreed that the observation is normal.,2026-09-24T16:00:28.964315+00:00
2c40d574-fcbb-4dc6-935e-7495e3c59a27,AWS-RAN-067,sim-node-AWS-RAN-067,2025-03-31T23:00:00+00:00,1,22.9,938.1,18.0,sim_edge_v1.0.0,,,ok,False,,,,edge_rules_v1.0.0,rules,False,,low,0.0,,0.0,UNAVAILABLE_WARMUP,,HEALTHY,,,,live,BOTH_AGREE_NORMAL,True,,,0.0,Both edge device and central AI agreed that the observation is normal.,2026-09-24T16:00:49.599799+00:00
1fd0f2ca-f39c-4ba1-b11a-a58c11793cb1,AWS-RAN-067,sim-node-AWS-RAN-067,2025-03-31T23:00:00+00:00,1,22.9,938.1,18.0,sim_edge_v1.0.0,,,ok,False,,,,edge_rules_v1.0.0,rules,False,,low,0.0,,0.0,UNAVAILABLE_WARMUP,,HEALTHY,,,,live,BOTH_AGREE_NORMAL,True,,,0.0,Both edge device and central AI agreed that the observation is normal.,2026-09-24T16:01:26.958906+00:00
f37f380a-e6ac-407e-b58e-080018020f04,AWS-RAN-067,sim-node-AWS-RAN-067,2025-03-31T23:00:00+00:00,1,22.9,938.1,18.0,sim_edge_v1.0.0,,,ok,False,,,,edge_rules_v1.0.0,rules,False,,low,0.0,,0.0,UNAVAILABLE_WARMUP,,HEALTHY,,,,live,BOTH_AGREE_NORMAL,True,,,0.0,Both edge device and central AI agreed that the observation is normal.,2026-09-24T16:02:02.942398+00:00
2459cf4b-aa89-4596-8723-d4687edfd724,AWS-RAN-067,sim-node-AWS-RAN-067,2025-03-31T23:00:00+00:00,1,22.9,938.1,18.0,sim_edge_v1.0.0,,,ok,False,,,,edge_rules_v1.0.0,rules,False,,low,0.0,,0.0,UNAVAILABLE_WARMUP,,HEALTHY,,,,live,BOTH_AGREE_NORMAL,True,,,0.0,Both edge device and central AI agreed that the observation is normal.,2026-09-24T16:02:34.548457+00:00
f8d82cfd-a3d8-44cd-8d6c-0cc60aae12a5,AWS-RAN-067,sim-node-AWS-RAN-067,2025-03-31T23:00:00+00:00,2,22.9,938.1,18.0,sim_edge_v1.0.0,,,ok,False,,,,edge_rules_v1.0.0,rules,False,,low,0.0,,0.0,UNAVAILABLE_WARMUP,,HEALTHY,22.9,938.1,18.0,live,BOTH_AGREE_NORMAL,True,,,0.0,Both edge device and central AI agreed that the observation is normal.,2026-09-24T16:02:35.429180+00:00
